segment_id,stratum_px,shipped_dots,centroid_easting,centroid_northing,median_depth_to_basement_m,median_gravity_gradient_300m,reasoning
9707,786,3,425969.84732824424,4172395.8015267174,696.1070556640625,0.001508605433627963,"A-only disagreement candidate: the subsurface view (gravity/magnetic/strain + basement-depth structure) is confident while the surface view abstains (low DEM curvature/slope and no radiometric contrast). Reading: a normal fault may be concealed beneath alluvial cover, retaining a basement-depth throw and potential-field edge but no surface scarp. Named non-fault mimics: differential compaction over a buried lithologic step, palaeo-channel incision into basement, or an artefact of the model-derived basement-depth grid (band 15). Status: HYPOTHESIS pending Phase-2 geological verification, not verified geology."
4442,50,2,334378.0,4422560.0,371.91656494140625,0.005543938837945461,"A-only disagreement candidate: the subsurface view (gravity/magnetic/strain + basement-depth structure) is confident while the surface view abstains (low DEM curvature/slope and no radiometric contrast). Reading: a normal fault may be concealed beneath alluvial cover, retaining a basement-depth throw and potential-field edge but no surface scarp. Named non-fault mimics: differential compaction over a buried lithologic step, palaeo-channel incision into basement, or an artefact of the model-derived basement-depth grid (band 15). Status: HYPOTHESIS pending Phase-2 geological verification, not verified geology."
5706,587,2,313903.9182282794,4378161.158432709,411.4158935546875,0.001375157618895173,"A-only disagreement candidate: the subsurface view (gravity/magnetic/strain + basement-depth structure) is confident while the surface view abstains (low DEM curvature/slope and no radiometric contrast). Reading: a normal fault may be concealed beneath alluvial cover, retaining a basement-depth throw and potential-field edge but no surface scarp. Named non-fault mimics: differential compaction over a buried lithologic step, palaeo-channel incision into basement, or an artefact of the model-derived basement-depth grid (band 15). Status: HYPOTHESIS pending Phase-2 geological verification, not verified geology."
1606,750,1,279508.6666666667,4466632.266666667,159.06524658203125,0.00276965438388288,"A-only disagreement candidate: the subsurface view (gravity/magnetic/strain + basement-depth structure) is confident while the surface view abstains (low DEM curvature/slope and no radiometric contrast). Reading: a normal fault may be concealed beneath alluvial cover, retaining a basement-depth throw and potential-field edge but no surface scarp. Named non-fault mimics: differential compaction over a buried lithologic step, palaeo-channel incision into basement, or an artefact of the model-derived basement-depth grid (band 15). Status: HYPOTHESIS pending Phase-2 geological verification, not verified geology."
3665,5,1,386760.0,4441180.0,261.979248046875,0.0008237308938987553,"A-only disagreement candidate: the subsurface view (gravity/magnetic/strain + basement-depth structure) is confident while the surface view abstains (low DEM curvature/slope and no radiometric contrast). Reading: a normal fault may be concealed beneath alluvial cover, retaining a basement-depth throw and potential-field edge but no surface scarp. Named non-fault mimics: differential compaction over a buried lithologic step, palaeo-channel incision into basement, or an artefact of the model-derived basement-depth grid (band 15). Status: HYPOTHESIS pending Phase-2 geological verification, not verified geology."
4993,9,1,342666.6666666666,4404233.333333333,658.647216796875,0.00151445297524333,"A-only disagreement candidate: the subsurface view (gravity/magnetic/strain + basement-depth structure) is confident while the surface view abstains (low DEM curvature/slope and no radiometric contrast). Reading: a normal fault may be concealed beneath alluvial cover, retaining a basement-depth throw and potential-field edge but no surface scarp. Named non-fault mimics: differential compaction over a buried lithologic step, palaeo-channel incision into basement, or an artefact of the model-derived basement-depth grid (band 15). Status: HYPOTHESIS pending Phase-2 geological verification, not verified geology."
5045,102,1,307667.6470588235,4401464.705882353,1556.6318359375,0.0006238189525902271,"A-only disagreement candidate: the subsurface view (gravity/magnetic/strain + basement-depth structure) is confident while the surface view abstains (low DEM curvature/slope and no radiometric contrast). Reading: a normal fault may be concealed beneath alluvial cover, retaining a basement-depth throw and potential-field edge but no surface scarp. Named non-fault mimics: differential compaction over a buried lithologic step, palaeo-channel incision into basement, or an artefact of the model-derived basement-depth grid (band 15). Status: HYPOTHESIS pending Phase-2 geological verification, not verified geology."
5057,22,1,306754.54545454547,4402154.545454546,1737.323974609375,0.001053361571393907,"A-only disagreement candidate: the subsurface view (gravity/magnetic/strain + basement-depth structure) is confident while the surface view abstains (low DEM curvature/slope and no radiometric contrast). Reading: a normal fault may be concealed beneath alluvial cover, retaining a basement-depth throw and potential-field edge but no surface scarp. Named non-fault mimics: differential compaction over a buried lithologic step, palaeo-channel incision into basement, or an artefact of the model-derived basement-depth grid (band 15). Status: HYPOTHESIS pending Phase-2 geological verification, not verified geology."
5108,347,1,307806.6282420749,4399129.106628242,1733.2685546875,0.0002428424486424774,"A-only disagreement candidate: the subsurface view (gravity/magnetic/strain + basement-depth structure) is confident while the surface view abstains (low DEM curvature/slope and no radiometric contrast). Reading: a normal fault may be concealed beneath alluvial cover, retaining a basement-depth throw and potential-field edge but no surface scarp. Named non-fault mimics: differential compaction over a buried lithologic step, palaeo-channel incision into basement, or an artefact of the model-derived basement-depth grid (band 15). Status: HYPOTHESIS pending Phase-2 geological verification, not verified geology."
6554,80,1,329790.0,4343116.25,517.5916748046875,0.0015399218536913395,"A-only disagreement candidate: the subsurface view (gravity/magnetic/strain + basement-depth structure) is confident while the surface view abstains (low DEM curvature/slope and no radiometric contrast). Reading: a normal fault may be concealed beneath alluvial cover, retaining a basement-depth throw and potential-field edge but no surface scarp. Named non-fault mimics: differential compaction over a buried lithologic step, palaeo-channel incision into basement, or an artefact of the model-derived basement-depth grid (band 15). Status: HYPOTHESIS pending Phase-2 geological verification, not verified geology."
7299,2,1,406300.0,4318850.0,1169.624755859375,0.00582962017506361,"A-only disagreement candidate: the subsurface view (gravity/magnetic/strain + basement-depth structure) is confident while the surface view abstains (low DEM curvature/slope and no radiometric contrast). Reading: a normal fault may be concealed beneath alluvial cover, retaining a basement-depth throw and potential-field edge but no surface scarp. Named non-fault mimics: differential compaction over a buried lithologic step, palaeo-channel incision into basement, or an artefact of the model-derived basement-depth grid (band 15). Status: HYPOTHESIS pending Phase-2 geological verification, not verified geology."
7301,65,1,406420.0,4318123.076923077,1607.4644775390625,0.00605383375659585,"A-only disagreement candidate: the subsurface view (gravity/magnetic/strain + basement-depth structure) is confident while the surface view abstains (low DEM curvature/slope and no radiometric contrast). Reading: a normal fault may be concealed beneath alluvial cover, retaining a basement-depth throw and potential-field edge but no surface scarp. Named non-fault mimics: differential compaction over a buried lithologic step, palaeo-channel incision into basement, or an artefact of the model-derived basement-depth grid (band 15). Status: HYPOTHESIS pending Phase-2 geological verification, not verified geology."
8294,546,1,420628.5714285714,4260193.223443223,285.14019775390625,0.005299016367644072,"A-only disagreement candidate: the subsurface view (gravity/magnetic/strain + basement-depth structure) is confident while the surface view abstains (low DEM curvature/slope and no radiometric contrast). Reading: a normal fault may be concealed beneath alluvial cover, retaining a basement-depth throw and potential-field edge but no surface scarp. Named non-fault mimics: differential compaction over a buried lithologic step, palaeo-channel incision into basement, or an artefact of the model-derived basement-depth grid (band 15). Status: HYPOTHESIS pending Phase-2 geological verification, not verified geology."
9747,1,1,430200.0,4175900.0,712.3489379882812,0.001947530428878963,"A-only disagreement candidate: the subsurface view (gravity/magnetic/strain + basement-depth structure) is confident while the surface view abstains (low DEM curvature/slope and no radiometric contrast). Reading: a normal fault may be concealed beneath alluvial cover, retaining a basement-depth throw and potential-field edge but no surface scarp. Named non-fault mimics: differential compaction over a buried lithologic step, palaeo-channel incision into basement, or an artefact of the model-derived basement-depth grid (band 15). Status: HYPOTHESIS pending Phase-2 geological verification, not verified geology."
9806,10,1,429170.0,4171920.0,1051.765625,0.0022703870199620724,"A-only disagreement candidate: the subsurface view (gravity/magnetic/strain + basement-depth structure) is confident while the surface view abstains (low DEM curvature/slope and no radiometric contrast). Reading: a normal fault may be concealed beneath alluvial cover, retaining a basement-depth throw and potential-field edge but no surface scarp. Named non-fault mimics: differential compaction over a buried lithologic step, palaeo-channel incision into basement, or an artefact of the model-derived basement-depth grid (band 15). Status: HYPOTHESIS pending Phase-2 geological verification, not verified geology."
