row,col,utm_x_m,utm_y_m,rank_A,rank_B,cover_thickness_m_band15,slope_band19,grav_hg_band18,tmi_hg_band3,dist_to_catalogue_m,measured_summary,reasoning,named_mimic,falsifier
128,438,287200.0,4495700.0,0.9819,0.5452,199.3,18.556,2.9344,67.841,4159.3,"thin cover, strong gravity gradient, strong magnetic gradient, moderate/high slope","Range-front or intra-range bedrock structure: coincident gravity and magnetic edges with below-median depth to basement (~199 m) on steep ground (slope 18.6); the surface view abstains because lithology along strike masks the scarp. Distance to nearest catalogued fault 4,159 m. Named mimic: depositional or intrusive lithologic contact in bedrock (no displacement). Falsifier: geologic map shows a mapped contact along this trend with no offset.",depositional or intrusive lithologic contact in bedrock (no displacement),geologic map shows a mapped contact along this trend with no offset
134,434,286800.0,4495100.0,0.9724,0.6363,126.6,19.013,2.0381,55.461,3546.8,"thin cover, strong gravity gradient, strong magnetic gradient, moderate/high slope","Range-front or intra-range bedrock structure: coincident gravity and magnetic edges with below-median depth to basement (~127 m) on steep ground (slope 19.0); the surface view abstains because lithology along strike masks the scarp. Distance to nearest catalogued fault 3,547 m. Named mimic: depositional or intrusive lithologic contact in bedrock (no displacement). Falsifier: geologic map shows a mapped contact along this trend with no offset.",depositional or intrusive lithologic contact in bedrock (no displacement),geologic map shows a mapped contact along this trend with no offset
244,357,279100.0,4484100.0,0.9908,0.5186,219.6,37.847,1.464,102.08,223.6,"thin cover, strong gravity gradient, strong magnetic gradient, moderate/high slope",Range-front or intra-range bedrock structure: coincident gravity and magnetic edges with below-median depth to basement (~220 m) on steep ground (slope 37.8); the surface view abstains because lithology along strike masks the scarp. Distance to nearest catalogued fault 224 m. Named mimic: depositional or intrusive lithologic contact in bedrock (no displacement). Falsifier: geologic map shows a mapped contact along this trend with no offset.,depositional or intrusive lithologic contact in bedrock (no displacement),geologic map shows a mapped contact along this trend with no offset
247,358,279200.0,4483800.0,0.9873,0.4530,213.7,32.714,1.283,77.535,223.6,"thin cover, strong gravity gradient, strong magnetic gradient, moderate/high slope",Range-front or intra-range bedrock structure: coincident gravity and magnetic edges with below-median depth to basement (~214 m) on steep ground (slope 32.7); the surface view abstains because lithology along strike masks the scarp. Distance to nearest catalogued fault 224 m. Named mimic: depositional or intrusive lithologic contact in bedrock (no displacement). Falsifier: geologic map shows a mapped contact along this trend with no offset.,depositional or intrusive lithologic contact in bedrock (no displacement),geologic map shows a mapped contact along this trend with no offset
271,355,278900.0,4481400.0,0.9664,0.6445,384.3,31.248,0.77776,117.24,223.6,"thick cover, moderate gravity gradient, strong magnetic gradient, moderate/high slope","Buried normal fault beneath basin fill: a magnetic edge without a gravity one under ~384 m of modelled basin fill (depth to basement, band 15, above the footprint median), where a surface scarp would be buried or eroded, so View B abstaining is expected. Distance to nearest catalogued fault 224 m. Named mimic: buried lithological contact or palaeochannel margin within the fill. Falsifier: a smooth (non-linear) gravity step, or seismic/well data showing continuous basement.",buried lithological contact or palaeochannel margin within the fill,"a smooth (non-linear) gravity step, or seismic/well data showing continuous basement"
303,321,275500.0,4478200.0,0.9865,0.5330,1021.0,23.525,1.3577,24.019,1627.9,"thick cover, strong gravity gradient, weak magnetic gradient, moderate/high slope","Buried normal fault beneath basin fill: a gravity edge without a magnetic one under ~1021 m of modelled basin fill (depth to basement, band 15, above the footprint median), where a surface scarp would be buried or eroded, so View B abstaining is expected. Distance to nearest catalogued fault 1,628 m. Named mimic: buried lithological contact or palaeochannel margin within the fill. Falsifier: a smooth (non-linear) gravity step, or seismic/well data showing continuous basement.",buried lithological contact or palaeochannel margin within the fill,"a smooth (non-linear) gravity step, or seismic/well data showing continuous basement"
306,322,275600.0,4477900.0,0.9954,0.5032,967.3,32.563,1.19,11.599,1802.8,"thick cover, strong gravity gradient, weak magnetic gradient, moderate/high slope","Buried normal fault beneath basin fill: a gravity edge without a magnetic one under ~967 m of modelled basin fill (depth to basement, band 15, above the footprint median), where a surface scarp would be buried or eroded, so View B abstaining is expected. Distance to nearest catalogued fault 1,803 m. Named mimic: buried lithological contact or palaeochannel margin within the fill. Falsifier: a smooth (non-linear) gravity step, or seismic/well data showing continuous basement.",buried lithological contact or palaeochannel margin within the fill,"a smooth (non-linear) gravity step, or seismic/well data showing continuous basement"
470,533,296700.0,4461500.0,0.9974,0.6420,1103.9,30.477,-1.2537,6.8052,2765.9,"thick cover, moderate gravity gradient, weak magnetic gradient, moderate/high slope","Buried normal fault beneath basin fill: weak potential-field edges under ~1104 m of modelled basin fill (depth to basement, band 15, above the footprint median), where a surface scarp would be buried or eroded, so View B abstaining is expected. Distance to nearest catalogued fault 2,766 m. Named mimic: buried lithological contact or palaeochannel margin within the fill. Falsifier: a smooth (non-linear) gravity step, or seismic/well data showing continuous basement.",buried lithological contact or palaeochannel margin within the fill,"a smooth (non-linear) gravity step, or seismic/well data showing continuous basement"
470,2033,446700.0,4461500.0,0.9745,0.5641,364.8,36.556,1.7749,7.2084,447.2,"thick cover, strong gravity gradient, weak magnetic gradient, moderate/high slope","Buried normal fault beneath basin fill: a gravity edge without a magnetic one under ~365 m of modelled basin fill (depth to basement, band 15, above the footprint median), where a surface scarp would be buried or eroded, so View B abstaining is expected. Distance to nearest catalogued fault 447 m. Named mimic: buried lithological contact or palaeochannel margin within the fill. Falsifier: a smooth (non-linear) gravity step, or seismic/well data showing continuous basement.",buried lithological contact or palaeochannel margin within the fill,"a smooth (non-linear) gravity step, or seismic/well data showing continuous basement"
492,2029,446300.0,4459300.0,0.9552,0.6267,299.9,35.629,0.18287,12.249,223.6,"thin cover, moderate gravity gradient, weak magnetic gradient, moderate/high slope",Range-front or intra-range bedrock structure: weak potential-field edges with below-median depth to basement (~300 m) on steep ground (slope 35.6); the surface view abstains because lithology along strike masks the scarp. Distance to nearest catalogued fault 224 m. Named mimic: depositional or intrusive lithologic contact in bedrock (no displacement). Falsifier: geologic map shows a mapped contact along this trend with no offset.,depositional or intrusive lithologic contact in bedrock (no displacement),geologic map shows a mapped contact along this trend with no offset
514,375,280900.0,4457100.0,0.9620,0.6266,108.9,5.357,3.9143,53.194,3981.2,"thin cover, strong gravity gradient, strong magnetic gradient, moderate/high slope","Range-front or intra-range bedrock structure: coincident gravity and magnetic edges with below-median depth to basement (~109 m) on steep ground (slope 5.4); the surface view abstains because lithology along strike masks the scarp. Distance to nearest catalogued fault 3,981 m. Named mimic: depositional or intrusive lithologic contact in bedrock (no displacement). Falsifier: geologic map shows a mapped contact along this trend with no offset.",depositional or intrusive lithologic contact in bedrock (no displacement),geologic map shows a mapped contact along this trend with no offset
532,429,286300.0,4455300.0,0.9803,0.6349,33.0,20.925,-1.1272,4.4157,761.6,"thin cover, moderate gravity gradient, weak magnetic gradient, moderate/high slope",Range-front or intra-range bedrock structure: weak potential-field edges with below-median depth to basement (~33 m) on steep ground (slope 20.9); the surface view abstains because lithology along strike masks the scarp. Distance to nearest catalogued fault 762 m. Named mimic: depositional or intrusive lithologic contact in bedrock (no displacement). Falsifier: geologic map shows a mapped contact along this trend with no offset.,depositional or intrusive lithologic contact in bedrock (no displacement),geologic map shows a mapped contact along this trend with no offset
533,433,286700.0,4455200.0,0.9574,0.5520,33.5,14.503,-1.1578,35.916,1118.0,"thin cover, moderate gravity gradient, strong magnetic gradient, moderate/high slope","Range-front or intra-range bedrock structure: a magnetic edge without a gravity one with below-median depth to basement (~34 m) on steep ground (slope 14.5); the surface view abstains because lithology along strike masks the scarp. Distance to nearest catalogued fault 1,118 m. Named mimic: depositional or intrusive lithologic contact in bedrock (no displacement). Falsifier: geologic map shows a mapped contact along this trend with no offset.",depositional or intrusive lithologic contact in bedrock (no displacement),geologic map shows a mapped contact along this trend with no offset
592,436,287000.0,4449300.0,0.9943,0.5174,71.5,28.157,-0.73491,40.738,670.8,"thin cover, moderate gravity gradient, strong magnetic gradient, moderate/high slope",Range-front or intra-range bedrock structure: a magnetic edge without a gravity one with below-median depth to basement (~72 m) on steep ground (slope 28.2); the surface view abstains because lithology along strike masks the scarp. Distance to nearest catalogued fault 671 m. Named mimic: depositional or intrusive lithologic contact in bedrock (no displacement). Falsifier: geologic map shows a mapped contact along this trend with no offset.,depositional or intrusive lithologic contact in bedrock (no displacement),geologic map shows a mapped contact along this trend with no offset
613,445,287900.0,4447200.0,0.9767,0.6486,154.8,32.140,-1.2324,27.028,1200.0,"thin cover, moderate gravity gradient, weak magnetic gradient, moderate/high slope","Range-front or intra-range bedrock structure: weak potential-field edges with below-median depth to basement (~155 m) on steep ground (slope 32.1); the surface view abstains because lithology along strike masks the scarp. Distance to nearest catalogued fault 1,200 m. Named mimic: depositional or intrusive lithologic contact in bedrock (no displacement). Falsifier: geologic map shows a mapped contact along this trend with no offset.",depositional or intrusive lithologic contact in bedrock (no displacement),geologic map shows a mapped contact along this trend with no offset
686,1013,344700.0,4439900.0,0.9508,0.4807,429.0,2.499,3.7033,12.554,1389.2,"thick cover, strong gravity gradient, weak magnetic gradient, low slope","Buried normal fault beneath basin fill: a gravity edge without a magnetic one under ~429 m of modelled basin fill (depth to basement, band 15, above the footprint median), where a surface scarp would be buried or eroded, so View B abstaining is expected. Distance to nearest catalogued fault 1,389 m. Named mimic: buried lithological contact or palaeochannel margin within the fill. Falsifier: a smooth (non-linear) gravity step, or seismic/well data showing continuous basement.",buried lithological contact or palaeochannel margin within the fill,"a smooth (non-linear) gravity step, or seismic/well data showing continuous basement"
686,1016,345000.0,4439900.0,0.9807,0.5875,387.3,4.002,3.6536,26.337,1118.0,"thick cover, strong gravity gradient, weak magnetic gradient, moderate/high slope","Buried normal fault beneath basin fill: a gravity edge without a magnetic one under ~387 m of modelled basin fill (depth to basement, band 15, above the footprint median), where a surface scarp would be buried or eroded, so View B abstaining is expected. Distance to nearest catalogued fault 1,118 m. Named mimic: buried lithological contact or palaeochannel margin within the fill. Falsifier: a smooth (non-linear) gravity step, or seismic/well data showing continuous basement.",buried lithological contact or palaeochannel margin within the fill,"a smooth (non-linear) gravity step, or seismic/well data showing continuous basement"
697,1010,344400.0,4438800.0,0.9967,0.6349,455.2,2.784,4.636,19.557,989.9,"thick cover, strong gravity gradient, weak magnetic gradient, low slope","Buried normal fault beneath basin fill: a gravity edge without a magnetic one under ~455 m of modelled basin fill (depth to basement, band 15, above the footprint median), where a surface scarp would be buried or eroded, so View B abstaining is expected. Distance to nearest catalogued fault 990 m. Named mimic: buried lithological contact or palaeochannel margin within the fill. Falsifier: a smooth (non-linear) gravity step, or seismic/well data showing continuous basement.",buried lithological contact or palaeochannel margin within the fill,"a smooth (non-linear) gravity step, or seismic/well data showing continuous basement"
701,1010,344400.0,4438400.0,0.9979,0.5711,449.0,2.663,5.0735,19.371,721.1,"thick cover, strong gravity gradient, weak magnetic gradient, low slope","Buried normal fault beneath basin fill: a gravity edge without a magnetic one under ~449 m of modelled basin fill (depth to basement, band 15, above the footprint median), where a surface scarp would be buried or eroded, so View B abstaining is expected. Distance to nearest catalogued fault 721 m. Named mimic: buried lithological contact or palaeochannel margin within the fill. Falsifier: a smooth (non-linear) gravity step, or seismic/well data showing continuous basement.",buried lithological contact or palaeochannel margin within the fill,"a smooth (non-linear) gravity step, or seismic/well data showing continuous basement"
725,2104,453800.0,4436000.0,0.9701,0.4336,170.2,24.844,-1.8048,1.8501,900.0,"thin cover, moderate gravity gradient, weak magnetic gradient, moderate/high slope",Range-front or intra-range bedrock structure: weak potential-field edges with below-median depth to basement (~170 m) on steep ground (slope 24.8); the surface view abstains because lithology along strike masks the scarp. Distance to nearest catalogued fault 900 m. Named mimic: depositional or intrusive lithologic contact in bedrock (no displacement). Falsifier: geologic map shows a mapped contact along this trend with no offset.,depositional or intrusive lithologic contact in bedrock (no displacement),geologic map shows a mapped contact along this trend with no offset
751,1001,343500.0,4433400.0,0.9976,0.6466,344.9,3.470,2.838,26.042,1019.8,"thick cover, strong gravity gradient, weak magnetic gradient, low slope","Buried normal fault beneath basin fill: a gravity edge without a magnetic one under ~345 m of modelled basin fill (depth to basement, band 15, above the footprint median), where a surface scarp would be buried or eroded, so View B abstaining is expected. Distance to nearest catalogued fault 1,020 m. Named mimic: buried lithological contact or palaeochannel margin within the fill. Falsifier: a smooth (non-linear) gravity step, or seismic/well data showing continuous basement.",buried lithological contact or palaeochannel margin within the fill,"a smooth (non-linear) gravity step, or seismic/well data showing continuous basement"
763,609,304300.0,4432200.0,0.9528,0.6301,46.6,34.371,1.8796,17.916,412.3,"thin cover, strong gravity gradient, weak magnetic gradient, moderate/high slope",Range-front or intra-range bedrock structure: a gravity edge without a magnetic one with below-median depth to basement (~47 m) on steep ground (slope 34.4); the surface view abstains because lithology along strike masks the scarp. Distance to nearest catalogued fault 412 m. Named mimic: depositional or intrusive lithologic contact in bedrock (no displacement). Falsifier: geologic map shows a mapped contact along this trend with no offset.,depositional or intrusive lithologic contact in bedrock (no displacement),geologic map shows a mapped contact along this trend with no offset
974,853,328700.0,4411100.0,0.9552,0.5881,1908.6,1.308,2.6841,10.199,1236.9,"thick cover, strong gravity gradient, weak magnetic gradient, low slope","Buried normal fault beneath basin fill: a gravity edge without a magnetic one under ~1909 m of modelled basin fill (depth to basement, band 15, above the footprint median), where a surface scarp would be buried or eroded, so View B abstaining is expected. Distance to nearest catalogued fault 1,237 m. Named mimic: buried lithological contact or palaeochannel margin within the fill. Falsifier: a smooth (non-linear) gravity step, or seismic/well data showing continuous basement.",buried lithological contact or palaeochannel margin within the fill,"a smooth (non-linear) gravity step, or seismic/well data showing continuous basement"
1506,1653,408700.0,4357900.0,0.9852,0.6479,397.5,29.005,-1.4148,18.793,565.7,"thick cover, moderate gravity gradient, weak magnetic gradient, moderate/high slope","Buried normal fault beneath basin fill: weak potential-field edges under ~398 m of modelled basin fill (depth to basement, band 15, above the footprint median), where a surface scarp would be buried or eroded, so View B abstaining is expected. Distance to nearest catalogued fault 566 m. Named mimic: buried lithological contact or palaeochannel margin within the fill. Falsifier: a smooth (non-linear) gravity step, or seismic/well data showing continuous basement.",buried lithological contact or palaeochannel margin within the fill,"a smooth (non-linear) gravity step, or seismic/well data showing continuous basement"
1792,1366,380000.0,4329300.0,0.9543,0.3955,70.0,9.991,2.0638,10.952,700.0,"thin cover, strong gravity gradient, weak magnetic gradient, moderate/high slope",Range-front or intra-range bedrock structure: a gravity edge without a magnetic one with below-median depth to basement (~70 m) on steep ground (slope 10.0); the surface view abstains because lithology along strike masks the scarp. Distance to nearest catalogued fault 700 m. Named mimic: depositional or intrusive lithologic contact in bedrock (no displacement). Falsifier: geologic map shows a mapped contact along this trend with no offset.,depositional or intrusive lithologic contact in bedrock (no displacement),geologic map shows a mapped contact along this trend with no offset
1805,1412,384600.0,4328000.0,0.9718,0.4089,166.3,24.663,-3.4885,46.504,412.3,"thin cover, moderate gravity gradient, strong magnetic gradient, moderate/high slope",Range-front or intra-range bedrock structure: a magnetic edge without a gravity one with below-median depth to basement (~166 m) on steep ground (slope 24.7); the surface view abstains because lithology along strike masks the scarp. Distance to nearest catalogued fault 412 m. Named mimic: depositional or intrusive lithologic contact in bedrock (no displacement). Falsifier: geologic map shows a mapped contact along this trend with no offset.,depositional or intrusive lithologic contact in bedrock (no displacement),geologic map shows a mapped contact along this trend with no offset
2464,1604,403800.0,4262100.0,0.9762,0.5851,59.3,16.395,1.1266,22.108,1780.4,"thin cover, moderate gravity gradient, weak magnetic gradient, moderate/high slope","Range-front or intra-range bedrock structure: weak potential-field edges with below-median depth to basement (~59 m) on steep ground (slope 16.4); the surface view abstains because lithology along strike masks the scarp. Distance to nearest catalogued fault 1,780 m. Named mimic: depositional or intrusive lithologic contact in bedrock (no displacement). Falsifier: geologic map shows a mapped contact along this trend with no offset.",depositional or intrusive lithologic contact in bedrock (no displacement),geologic map shows a mapped contact along this trend with no offset
2619,1650,408400.0,4246600.0,0.9998,0.5619,107.6,33.351,0.67275,23.349,509.9,"thin cover, moderate gravity gradient, weak magnetic gradient, moderate/high slope",Range-front or intra-range bedrock structure: weak potential-field edges with below-median depth to basement (~108 m) on steep ground (slope 33.4); the surface view abstains because lithology along strike masks the scarp. Distance to nearest catalogued fault 510 m. Named mimic: depositional or intrusive lithologic contact in bedrock (no displacement). Falsifier: geologic map shows a mapped contact along this trend with no offset.,depositional or intrusive lithologic contact in bedrock (no displacement),geologic map shows a mapped contact along this trend with no offset
2672,1749,418300.0,4241300.0,0.9716,0.5215,5.5,16.060,-1.109,17.45,4455.3,"thin cover, moderate gravity gradient, weak magnetic gradient, moderate/high slope","Range-front or intra-range bedrock structure: weak potential-field edges with below-median depth to basement (~6 m) on steep ground (slope 16.1); the surface view abstains because lithology along strike masks the scarp. Distance to nearest catalogued fault 4,455 m. Named mimic: depositional or intrusive lithologic contact in bedrock (no displacement). Falsifier: geologic map shows a mapped contact along this trend with no offset.",depositional or intrusive lithologic contact in bedrock (no displacement),geologic map shows a mapped contact along this trend with no offset
3308,1817,425100.0,4177700.0,0.9705,0.4674,669.1,26.673,0.23201,20.157,2377.0,"thick cover, moderate gravity gradient, weak magnetic gradient, moderate/high slope","Buried normal fault beneath basin fill: weak potential-field edges under ~669 m of modelled basin fill (depth to basement, band 15, above the footprint median), where a surface scarp would be buried or eroded, so View B abstaining is expected. Distance to nearest catalogued fault 2,377 m. Named mimic: buried lithological contact or palaeochannel margin within the fill. Falsifier: a smooth (non-linear) gravity step, or seismic/well data showing continuous basement.",buried lithological contact or palaeochannel margin within the fill,"a smooth (non-linear) gravity step, or seismic/well data showing continuous basement"
3316,1890,432400.0,4176900.0,0.9653,0.5464,649.5,21.554,1.1878,4.377,4134.0,"thick cover, strong gravity gradient, weak magnetic gradient, moderate/high slope","Buried normal fault beneath basin fill: a gravity edge without a magnetic one under ~650 m of modelled basin fill (depth to basement, band 15, above the footprint median), where a surface scarp would be buried or eroded, so View B abstaining is expected. Distance to nearest catalogued fault 4,134 m. Named mimic: buried lithological contact or palaeochannel margin within the fill. Falsifier: a smooth (non-linear) gravity step, or seismic/well data showing continuous basement.",buried lithological contact or palaeochannel margin within the fill,"a smooth (non-linear) gravity step, or seismic/well data showing continuous basement"
3454,1733,416700.0,4163100.0,0.9703,0.6070,75.4,5.361,1.9398,13.158,600.0,"thin cover, strong gravity gradient, weak magnetic gradient, moderate/high slope",Range-front or intra-range bedrock structure: a gravity edge without a magnetic one with below-median depth to basement (~75 m) on steep ground (slope 5.4); the surface view abstains because lithology along strike masks the scarp. Distance to nearest catalogued fault 600 m. Named mimic: depositional or intrusive lithologic contact in bedrock (no displacement). Falsifier: geologic map shows a mapped contact along this trend with no offset.,depositional or intrusive lithologic contact in bedrock (no displacement),geologic map shows a mapped contact along this trend with no offset
3473,1744,417800.0,4161200.0,0.9554,0.5998,77.3,15.091,0.9528,21.298,2267.2,"thin cover, moderate gravity gradient, weak magnetic gradient, moderate/high slope","Range-front or intra-range bedrock structure: weak potential-field edges with below-median depth to basement (~77 m) on steep ground (slope 15.1); the surface view abstains because lithology along strike masks the scarp. Distance to nearest catalogued fault 2,267 m. Named mimic: depositional or intrusive lithologic contact in bedrock (no displacement). Falsifier: geologic map shows a mapped contact along this trend with no offset.",depositional or intrusive lithologic contact in bedrock (no displacement),geologic map shows a mapped contact along this trend with no offset
